Freq,MagPCA,MagX,MagY,MagZ
0.0,3.4412369876512353e-16,1.4698567530695767,1.7678581173260572,1.8152592087312411
0.00034106412005457026,1.0173593033610915,0.5362329626697482,0.6036987958003451,0.6293196665447442
0.0006821282401091405,0.5055211044624659,0.21373956194109514,0.35584157718788784,0.29625102828213074
0.0010231923601637107,0.07451839761681393,0.036386339505744436,0.11122975529621928,0.03391489591501379
0.001364256480218281,0.21227539241863927,0.10867829714947652,0.16278250648188713,0.09721665823149969
0.0017053206002728514,0.3186890543712395,0.11451943525110597,0.21381190541072437,0.21463898604177253
0.0020463847203274215,0.07486531699591506,0.04496749131515067,0.05564397935431091,0.057088698822777485
0.0023874488403819918,0.19777616420831554,0.04528473699365211,0.15979225761190524,0.13111520100396634
0.002728512960436562,0.14097774754835302,0.13213325949526622,0.0749097160008125,0.06795610634859234
0.0030695770804911324,0.05999024403010101,0.06358331171085105,0.05147377935324359,0.010509508047918295
0.0034106412005457027,0.1789311981334318,0.10907772888518037,0.11957550926514314,0.08615353061884162
0.003751705320600273,0.005295023325809502,0.05285419277574415,0.04022299745583732,0.07510622430225654
0.004092769440654843,0.04944026200260717,0.017780626618286274,0.0557132977292209,0.04921275019984819
0.004433833560709414,0.04951420375676456,0.05072800522137802,0.021703869075585188,0.06493657360426655
0.0047748976807639835,0.028662106637278563,0.0415769010782419,0.026650471390106963,0.01440271943050501
0.005115961800818554,0.04809593411983072,0.04818375794864893,0.06113940128811319,0.014354772304085004
0.005457025920873124,0.03476303955299213,0.0373588221914469,0.03753681170088552,0.0062506859623634335
0.005798090040927694,0.12880744258234886,0.02323990901540308,0.10573409995184323,0.09352570969178581
0.006139154160982265,0.0454205560844546,0.034969565645048654,0.04451834808582397,0.05633638828257671
0.006480218281036835,0.11958398423190242,0.08382131879376718,0.10886871201665352,0.04954879638791385
0.0068212824010914054,0.01462611176714515,0.044407561953780705,0.0427893861017867,0.049636234813651606
0.007162346521145975,0.036426698403820526,0.017864353877403667,0.018160740021728745,0.053986948269669856
0.007503410641200546,0.06164363887742337,0.03763622099017459,0.07143992575084826,0.03990900195701086
0.007844474761255117,0.016949512518582448,0.02811376190699883,0.07649106063192253,0.03577197847236562
0.008185538881309686,0.042167133965154056,0.029087793542633758,0.044923089999026125,0.0653254357864653
0.008526603001364257,0.07115908624515276,0.05807255380708959,0.025539119983882634,0.054346343159427886
0.008867667121418827,0.023955592343935374,0.041255676139820265,0.02224546838656285,0.04287558750157775
0.009208731241473396,0.013989069072989923,0.029136997750694952,0.011242418301502912,0.015781456852571502
0.009549795361527967,0.10248043377246883,0.08263689610731462,0.03839660795383792,0.08511398551344695
0.009890859481582538,0.03451359521643617,0.04569477030944341,0.038616151060898815,0.06861931983188042
0.010231923601637109,0.07831407700865345,0.02288803716291061,0.04287553529659509,0.06587662109871056
0.010572987721691678,0.07438903121966446,0.04087892902425871,0.0964989060822312,0.013745043423550277
0.010914051841746248,0.029784035624912296,0.004959213931851687,0.028781682448840062,0.05601651276794601
0.011255115961800819,0.03736185448694869,0.012767134897701544,0.04373695572979525,0.010665945543623153
0.011596180081855388,0.07154155262738322,0.025060647948512062,0.016862225908290476,0.09311102110201444
0.011937244201909959,0.03517685766455081,0.03301723438239855,0.028925752871581587,0.04065471696891039
0.01227830832196453,0.04524123278210485,0.019496734554379988,0.05399262237354942,0.017537461448551762
0.0126193724420191,0.007442914116672909,0.009687018377008687,0.035221555245581015,0.01885088645724271
0.01296043656207367,0.08962474998002398,0.0489969012521497,0.08234359657615567,0.029739312129002375
0.01330150068212824,0.07229678637157246,0.057022354411083304,0.10753843337601257,0.01481388086655388
0.013642564802182811,0.04084515331500699,0.06462504026445424,0.029265372990768847,0.05157177553478077
0.01398362892223738,0.012633992375981179,0.041320977519564095,0.014225404156097294,0.014575960476412882
0.01432469304229195,0.028228363449295392,0.027656530823843787,0.014800418643967465,0.0648661780216582
0.014665757162346521,0.0529004412702008,0.03188242173914876,0.017069545585594908,0.04388938979842936
0.015006821282401092,0.026840222337554134,0.050791236853893494,0.0409353868309415,0.004377448338126061
0.015347885402455661,0.008798367569450882,0.0409507363190717,0.015658433941547013,0.02738245369237958
0.015688949522510234,0.0465061306896397,0.018697145106826962,0.05988081552149846,0.056227325339444474
0.016030013642564803,0.011212673010529353,0.02301350649239064,0.010987987817675196,0.038098410277080594
0.01637107776261937,0.06082474224941528,0.059251938343751115,0.07324376438441008,0.0176727960263657
0.016712141882673944,0.06486114295860965,0.05963690700618043,0.06156818747779334,0.027878710994237478
0.017053206002728513,0.046087618131665974,0.023458143687450337,0.021540022620154038,0.04487928629064343
0.017394270122783082,0.07345304123905758,0.01766616796943557,0.029957388402773035,0.08011696560147247
0.017735334242837655,0.08061351910852602,0.011309685326673624,0.04533881495916503,0.07921267622227798
0.018076398362892224,0.08493276461001074,0.042817884135242845,0.041787079688800854,0.06852629445149731
0.018417462482946793,0.08600120040899276,0.07209068952771197,0.02063942466804505,0.06753972578797761
0.018758526603001365,0.11508762197391734,0.07046314715476464,0.044114580124390464,0.08980718349141319
0.019099590723055934,0.05188000613896241,0.020629080882237992,0.057849228158132045,0.030489268833934043
0.019440654843110503,0.05325273699353612,0.020302343334959123,0.07373188129611194,0.06109837306341677
0.019781718963165076,0.02888886689979331,0.028599725767785997,0.06953574399608764,0.02304945513828785
0.020122783083219645,0.018752741176329663,0.043207944286066405,0.029204469034227812,0.016195742728980042
0.020463847203274217,0.018509406911557266,0.07268517821593305,0.012986752359863317,0.03733074501207017
0.020804911323328786,0.07851537419738254,0.022399167364757885,0.041116474650767655,0.10548452159151268
0.021145975443383355,0.04931261990125847,0.025639152659776822,0.06794918694180951,0.09954648048875801
0.021487039563437928,0.11084567471169046,0.056964050844834385,0.09993200260865544,0.052919556186728445
0.021828103683492497,0.01475825956960685,0.006304650816613381,0.03594769782514958,0.052157462317370715
0.022169167803547066,0.08552132446368668,0.039344740801909465,0.06900115182147182,0.059132939686638714
0.022510231923601638,0.03947422860277485,0.040430774924904336,0.017985892947734405,0.046002724145511924
0.022851296043656207,0.05086202995817411,0.02677147706433006,0.04190848523522419,0.03643721615504003
0.023192360163710776,0.05021436742360477,0.07251490916876469,0.03418521276090385,0.02586035208579799
0.02353342428376535,0.09551050961117392,0.05424440531506354,0.06741412651717718,0.055699784548241364
0.023874488403819918,0.07664189349600234,0.08973351078774548,0.060410256557867456,0.015058331311367466
0.02421555252387449,0.04897916064724428,0.007298186454656333,0.021751711255211508,0.09395774215413574
0.02455661664392906,0.06217658823083774,0.01524079341516663,0.07577450225711604,0.03571041522397782
0.024897680763983628,0.07699137461876826,0.04063769758713537,0.08014720939032106,0.061333888703323514
0.0252387448840382,0.012711797404493365,0.023255146162245503,0.018612871603294,0.03050651142248495
0.02557980900409277,0.01252842396458706,0.027302701294554206,0.0402329050666823,0.013112040588457824
0.02592087312414734,0.08144757912848583,0.05041432128002676,0.06949819028854266,0.034831157851955556
0.02626193724420191,0.05916907786606875,0.023240114028902473,0.0534626459488223,0.03046411379288666
0.02660300136425648,0.03854261802795716,0.03495514410950023,0.03434198184416162,0.017596975610061093
0.02694406548431105,0.06363944188070443,0.02013962880808124,0.03184812639551693,0.06580559511594877
0.027285129604365622,0.08054172148378144,0.046450822832530575,0.04618486516004371,0.09800812498373423
0.02762619372442019,0.021475852879209327,0.05851365897552715,0.051420177509298844,0.04225499572942587
0.02796725784447476,0.04639720409557195,0.022821374186761865,0.05080479175988171,0.043032119076670663
0.028308321964529332,0.04070292134060164,0.055349555478210515,0.04493067470266183,0.015623372447447369
0.0286493860845839,0.09995012955118283,0.07606403756241518,0.07283464156045398,0.030549375234078618
0.028990450204638474,0.07578519459612205,0.05919616150385911,0.0386929193437416,0.04372570450066721
0.029331514324693043,0.0543977952705244,0.031967660938637905,0.06400885510862056,0.02936859747319706
0.029672578444747612,0.03145337535120244,0.041181502657521546,0.033267996816888294,0.021246832201749246
0.030013642564802184,0.045648745395625044,0.03241037065057281,0.0342987137978512,0.04175551411509158
0.030354706684856753,0.06554573767798057,0.04081317924478742,0.06116280396996781,0.05689683589377416
0.030695770804911322,0.0928910056639721,0.03300827649693361,0.09153622424662361,0.07571320463574734
0.031036834924965895,0.03558920033610794,0.027870108033669825,0.07550131015789718,0.04268373037972274
0.03137789904502047,0.02775486526705682,0.03638427283085261,0.026646986203372504,0.013044380612667975
0.03171896316507503,0.036498928724433014,0.03001124738431505,0.03501903603883822,0.012306197117107035
0.032060027285129605,0.013446586162542764,0.021397508021667278,0.02268470362882491,0.01612318755390673
0.03240109140518418,0.05736810171352088,0.012764701020061595,0.04430424981635265,0.066353518068301
0.03274215552523874,0.03089131526729463,0.05546438420037637,0.056050105703849815,0.06324195717455204
0.033083219645293316,0.019096095649360642,0.011050343563599786,0.024272601012385188,0.03858902988686345
0.03342428376534789,0.052891277297277745,0.04091438648554086,0.05186754052446724,0.04168563062895738
0.033765347885402454,0.016584958492456885,0.020235442412313582,0.038937290135161444,0.011103113996468648
0.034106412005457026,0.020158568551504153,0.04288632318134284,0.030497790848839003,0.028620793416705502
0.0344474761255116,0.016962709204651868,0.03244748520003633,0.023246987469209772,0.02475579572371844
0.034788540245566164,0.060116882493110785,0.07018770198934694,0.02105812593775703,0.038377474345572066
0.03512960436562074,0.10060822648275279,0.053551321419255685,0.06950430099806686,0.05143973994805612
0.03547066848567531,0.013582567913742677,0.04923685784509554,0.0779286592590776,0.04790948168269809
0.035811732605729875,0.049111448177091545,0.03409724087285086,0.029693281922024858,0.07089469597339686
0.03615279672578445,0.027270319041429188,0.0501196911378639,0.01526744904702904,0.02546275684227144
0.03649386084583902,0.08234307146601062,0.0627591063276039,0.04327924256450219,0.07793224053986739
0.036834924965893585,0.07569069095504251,0.008389969512929325,0.07693498124977721,0.0449939876450888
0.03717598908594816,0.01740764723923327,0.022631526902523298,0.05038279335905883,0.05874786434658752
0.03751705320600273,0.0033974399255488016,0.03047563929100008,0.01699906935390182,0.03635877363127704
0.037858117326057296,0.05951257741825345,0.020951708783909697,0.03723647309675685,0.04664290845476045
0.03819918144611187,0.011434991967069525,0.03410064463910453,0.010122962706231748,0.01229724895635664
0.03854024556616644,0.07918232089628964,0.026638356710766736,0.06457975647452553,0.04952205003321879
0.038881309686221006,0.06731505681921957,0.04338678360201475,0.04904404440311655,0.03910348477862898
0.03922237380627558,0.08679576892087519,0.07537567300810268,0.04646744541740819,0.07551247259896803
0.03956343792633015,0.040807661986876256,0.03822315164052874,0.0382749548354798,0.008158883177264062
0.039904502046384724,0.06165974701658283,0.0510489301189895,0.05870261178940084,0.04609848428582053
0.04024556616643929,0.06594682834022184,0.048056596498395256,0.03842515919604383,0.05750758709171131
0.04058663028649386,0.04046325462485771,0.017089428983193686,0.02766923396044007,0.06499225184098756
0.040927694406548434,0.023541292435142806,0.023275412050451142,0.02942628479806479,0.028391734334429174
0.041268758526603,0.09226459310575455,0.027273527294521142,0.054721393167431485,0.09334341303037288
0.04160982264665757,0.05208924114687827,0.01301856098358391,0.024662604071369325,0.05691784078274929
0.041950886766712145,0.06343316832624153,0.05065221669351346,0.038629559724747756,0.03452395203422696
0.04229195088676671,0.045046992505312966,0.059527695622072795,0.040424541817104725,0.01048598123873977
0.04263301500682128,0.017067560042629087,0.019489618168356673,0.030426075914250374,0.023647307863617864
0.042974079126875855,0.09281341119798567,0.05355158974045433,0.04291074911399495,0.06670037569773206
0.04331514324693042,0.10329262683201926,0.08730153902113624,0.0466736951872866,0.06893275491118979
0.04365620736698499,0.06323708453350062,0.040767369693115285,0.054999940502468765,0.08406413838808882
0.043997271487039566,0.11253098645605966,0.06098998437335563,0.05781553227299677,0.08907911545457753
0.04433833560709413,0.0533718570101558,0.042423850927441324,0.03818354383756431,0.020168969419816295
0.044679399727148704,0.0844902235279184,0.05650189980310099,0.05721168657740707,0.044052595781519814
0.045020463847203276,0.0501795044940607,0.0553095767817718,0.01655165382416618,0.05374776965897403
0.04536152796725784,0.07190861713570555,0.07851171447249135,0.019338235581038678,0.0647858232123293
0.045702592087312414,0.026355794094867952,0.024817974678104534,0.03832131755187377,0.01034711185922597
0.04604365620736699,0.08408393953101388,0.052428450052675615,0.06275862942097797,0.04489905095316086
0.04638472032742155,0.024800881912838236,0.016545060394977287,0.01949404931550736,0.017768598005058592
0.046725784447476125,0.03983564302086513,0.00975849784616253,0.04407722421084143,0.02625875270219583
0.0470668485675307,0.04104870119349142,0.04194049127319973,0.030203305182902117,0.014213027436705392
0.04740791268758526,0.04808210684248719,0.03397396875211486,0.05339001384381073,0.032065124921761015
0.047748976807639835,0.039575742542968494,0.003976117330536123,0.016826419081659175,0.060537240355036916
0.04809004092769441,0.04388259257767609,0.03991894350969177,0.026821313891275112,0.034776889125870306
0.04843110504774898,0.024519353671244033,0.022195513061877243,0.031618954476018146,0.024167920010773145
0.048772169167803546,0.027366864065014894,0.05920227062773055,0.05449368627594869,0.044996049740886716
0.04911323328785812,0.01451346958603893,0.0604092946965786,0.008768020876937297,0.01576674233355374
0.04945429740791269,0.04947337383471426,0.04156255081692329,0.038103193146769715,0.042332162886176354
0.049795361527967257,0.04456698693083945,0.02282580814143155,0.019235218433778917,0.07857147796606795
0.05013642564802183,0.06200476395967823,0.03298377986979724,0.04645263870520364,0.05960619719168179
0.0504774897680764,0.07516694572664366,0.05094785721576589,0.021332309435155926,0.06848751595750582
0.05081855388813097,0.049318955896108574,0.05274448718395873,0.006706788689437047,0.05701965993023672
0.05115961800818554,0.042443566112302794,0.01433044719724643,0.06818373527280429,0.009871029426708916
0.05150068212824011,0.01671905886014733,0.0021285886204979215,0.027056779078070498,0.0161204418717784
0.05184174624829468,0.11091774195789808,0.05249161276369922,0.06621598014412061,0.07722334749326275
0.05218281036834925,0.09696972968370708,0.022067147074625364,0.09441583095553725,0.05204684536851308
0.05252387448840382,0.1101304690023838,0.07028631960217092,0.05175335805294138,0.0907206249546604
0.05286493860845839,0.09054648785302329,0.01585970596122928,0.06616977819628624,0.08292005450579541
0.05320600272851296,0.036311134554658675,0.048426596936044085,0.03305636980770552,0.029212362551876092
0.05354706684856753,0.03845742207918179,0.012863472961807213,0.04575209155415911,0.017315935638619273
0.0538881309686221,0.0634143952118111,0.021950469098999028,0.04347867395235849,0.054986619028454704
0.05422919508867667,0.08807029109427417,0.06917246644669431,0.0786821922378137,0.020009061347105943
0.054570259208731244,0.05117475745933153,0.03396478594789627,0.047338297795771984,0.03903032052456786
0.05491132332878581,0.03392728493380577,0.010548595076859816,0.035986981645394885,0.019704740486478578
0.05525238744884038,0.08688720823825709,0.053446382645965615,0.07607452409977523,0.03987172686227494
0.055593451568894954,0.014665478170188498,0.016743869106054,0.02789189305194035,0.004412356662754134
0.05593451568894952,0.10347661017670096,0.08840291201065527,0.03245006982931699,0.07320684647004712
0.05627557980900409,0.004387734114987563,0.022135153700893154,0.018770380753699117,0.024522530848467127
0.056616643929058665,0.08097802791335124,0.034853883592089255,0.07249140793590489,0.06817468553114518
0.05695770804911324,0.07428619291704436,0.08078989932724003,0.04483440404947332,0.0771871999573777
0.0572987721691678,0.07920028603253695,0.07847809469094806,0.027092325519757578,0.051408832138379934
0.057639836289222375,0.09118723293487688,0.03967423629560367,0.016626978594705952,0.10520656484256986
0.05798090040927695,0.06870321101442152,0.04366495156666632,0.04634012795114687,0.07466961018692678
0.05832196452933151,0.033585532778907495,0.017796606971551186,0.021688021130643397,0.05871140666290517
0.058663028649386086,0.03404933245927857,0.06575692439545451,0.042695922351797456,0.05357873997676868
0.05900409276944066,0.051000092090676824,0.059007955453054664,0.03708110576603581,0.028311499768022778
0.059345156889495224,0.04345912765832479,0.06901902845634077,0.01949504306347193,0.03237828279229371
0.059686221009549796,0.03438775580160022,0.058426934938842344,0.023646859853732913,0.009422324093774465
0.06002728512960437,0.03553390238406445,0.03323122510532545,0.004635199712222604,0.033680245294425634
0.060368349249658934,0.08019870056723621,0.0677555579119798,0.05176961823743418,0.051607635220154005
0.06070941336971351,0.06916260794206337,0.045108183393924806,0.049835775062336565,0.04050118812683617
0.06105047748976808,0.013459051560298882,0.024223164217600054,0.01079475340234031,0.03341485767432569
0.061391541609822645,0.043603083644918134,0.03219243400978301,0.014875025142890849,0.0750951512698562
0.06173260572987722,0.06768216173021809,0.026263565090064746,0.058527216011081504,0.05398958347545706
0.06207366984993179,0.05224822216732494,0.03992662879667572,0.03395929187039833,0.02218966624368959
0.062414733969986355,0.020707989394938467,0.009607751637451645,0.027553880163201778,0.013122747690636573
0.06275579809004093,0.0430230961771453,0.033933113568407135,0.01840854072114012,0.03496292341151244
0.0630968622100955,0.08022948099239278,0.06289707276757647,0.018280481107302217,0.06309948202531658
0.06343792633015007,0.04127446554290156,0.05280065689969207,0.031111905633725363,0.07522583355781541
0.06377899045020465,0.031823846692827465,0.050231565174246554,0.03343522111907728,0.09166850761171548
0.06412005457025921,0.06612693702089757,0.028204160956787266,0.10572549410533033,0.02502138199510353
0.06446111869031378,0.045221362964667264,0.030589804238736463,0.05763075737119435,0.037073801545429164
0.06480218281036836,0.06681863987181423,0.024959954728154453,0.0574654886271405,0.03118500125653155
0.06514324693042292,0.055210031299858825,0.04841150472753484,0.03102859707132639,0.05952419111860017
0.06548431105047749,0.08248246502959554,0.07251131727297838,0.05252849884275979,0.027251526617198586
0.06582537517053207,0.08068676698578853,0.0462433085437702,0.015454481317548823,0.0947642242956405
0.06616643929058663,0.057545810773076064,0.022387958688961315,0.04548797641834069,0.06787450394018991
0.0665075034106412,0.03402131118418219,0.02598227832555286,0.023438554733697933,0.01426549184859554
0.06684856753069578,0.030607193088474965,0.03204002527164698,0.06842166060168016,0.016087539328234687
0.06718963165075034,0.06810907606838837,0.0749385532942962,0.09822683877303272,0.04850223781300673
0.06753069577080491,0.03021985585421225,0.03934816007542015,0.056470943685700103,0.03755844240056763
0.06787175989085949,0.005401413403158644,0.05704560737506095,0.015649988709490137,0.03184936984164225
0.06821282401091405,0.04741427189861873,0.008177478814141218,0.04579788209324592,0.031701000789635746
0.06855388813096862,0.039164659462726105,0.034681421719249116,0.028069132286102944,0.014267381609590993
0.0688949522510232,0.08826332420621659,0.053532818219420485,0.05072395082364698,0.052113826792777256
0.06923601637107776,0.027348489932818184,0.03809265819752267,0.02713919710401285,0.020803006462029823
0.06957708049113233,0.03746971548781229,0.05371510031803758,0.04139606261290751,0.02843745285906572
0.06991814461118691,0.011494380139105429,0.03626810140183446,0.047050207908953735,0.06638147151580177
0.07025920873124147,0.050642827810389146,0.025999895020923397,0.03436696605950393,0.030335608128063647
0.07060027285129604,0.004201153517585941,0.0289825194024443,0.029201387925136983,0.04011343504946879
0.07094133697135062,0.014859839440751536,0.046199103240172436,0.027083543963877604,0.02036466747039192
0.07128240109140518,0.029200244983355002,0.011136338234749682,0.048296929350165795,0.01038929109013516
0.07162346521145975,0.04162735580995622,0.038066091808742,0.011474323802398795,0.04110497079378928
0.07196452933151433,0.05133083750660772,0.022263897080278473,0.03587271814929076,0.05134668712411025
0.0723055934515689,0.08682197603310111,0.025796433680824807,0.06516424925953064,0.0667682115743732
0.07264665757162346,0.040208829441070106,0.054673893395954444,0.008890253291357467,0.019631781140092137
0.07298772169167804,0.027400499616564343,0.026323655588931346,0.029304437740546602,0.05151788661612467
0.0733287858117326,0.01077053500430787,0.012577728338508553,0.007096291636056456,0.025463688260727996
0.07366984993178717,0.05387931912100108,0.039886439745557105,0.0641825129672997,0.09228380880433706
0.07401091405184175,0.01843348429858024,0.03292401378573786,0.05611048262453854,0.06227649978331778
0.07435197817189632,0.09026253763622544,0.0835938713917308,0.01720087843599682,0.07566384880875845
0.07469304229195088,0.09728141169100214,0.05862830444238309,0.029783141022028965,0.0819202744711922
0.07503410641200546,0.018533727310684492,0.02195489913764555,0.01383196798383815,0.01746533027467282
0.07537517053206003,0.05948535844848408,0.014854864401597936,0.06704331388680727,0.059134043272206956
0.07571623465211459,0.022780843853488646,0.0558074891347353,0.04095746008527658,0.06442577480200927
0.07605729877216917,0.021078992880783597,0.033344765808665806,0.03871340118035079,0.024223507516595993
0.07639836289222374,0.026564038936146662,0.02111376037086075,0.02966960980794803,0.04727204691422857
0.0767394270122783,0.005904365730518249,0.016283163995882765,0.02874097104441622,0.03963168194457797
0.07708049113233288,0.007636482374112436,0.009679382546347662,0.007747003769743977,0.024686929096950822
0.07742155525238745,0.04459019302728085,0.014034646182709092,0.03531826876369865,0.05263910870383088
0.07776261937244201,0.02540193928345467,0.00922243860941293,0.002785880494355676,0.036256521031048226
0.07810368349249659,0.07775678252909309,0.028178176713008735,0.05540681581642124,0.062124643431787877
0.07844474761255116,0.029325269951020562,0.023775484199119883,0.01387442056577193,0.06474652008011128
0.07878581173260574,0.11118059325565535,0.06563597708315791,0.0938242578370454,0.05785410615466954
0.0791268758526603,0.04339931032592406,0.02774423944901301,0.0565354185595108,0.03376526657129233
0.07946793997271487,0.028493956844158994,0.03172107157643646,0.01545950078501143,0.04100073394579154
0.07980900409276945,0.03539060939760914,0.04912295133189047,0.010523786832099483,0.03011626579078456
0.08015006821282401,0.00795313413505089,0.006562331089205915,0.025759108659671584,0.011471454609636776
0.08049113233287858,0.055397047743472955,0.03461339919652021,0.04529255192078511,0.05083278947237554
0.08083219645293316,0.03560517779815256,0.016111954658396967,0.03818932737189341,0.00885852950858753
0.08117326057298772,0.06934548174664829,0.02263653728379489,0.032222491638264246,0.07622571933947245
0.08151432469304229,0.0594568971465703,0.033793765661789946,0.02197661505029403,0.054094374944789504
0.08185538881309687,0.09073497562768618,0.01413026255353012,0.05246402433215929,0.08256224961892904
0.08219645293315143,0.0856206660141894,0.022482053113886433,0.061399182881729616,0.06064620247481693
0.082537517053206,0.03515380659644861,0.03195317966921476,0.038410759523032245,0.047626755036064776
0.08287858117326058,0.03164983767935243,0.031994773290067335,0.029160912877913368,0.03709599110949023
0.08321964529331514,0.01276044037870346,0.0344372518117364,0.017162083234567693,0.029234645392536535
0.08356070941336971,0.02879382883720117,0.04447982515780792,0.015902761268725057,0.021690903965608643
0.08390177353342429,0.08162940196771835,0.005215569001018184,0.07151539172833611,0.06254602099839715
0.08424283765347886,0.04972323059337999,0.012909044079703426,0.05654774784926899,0.021744549774688933
0.08458390177353342,0.05459497875692221,0.0494097170924984,0.012418575506759512,0.0430939099721316
0.084924965893588,0.04120384657273978,0.04825845684313451,0.02674675833112388,0.015766196930989154
0.08526603001364257,0.026079947491618075,0.03791253033375939,0.041248567604802715,0.02958257316182357
0.08560709413369713,0.039072736707236155,0.018227385571955534,0.05054410940478051,0.05308885107335415
0.08594815825375171,0.02628292589808626,0.017891462903097677,0.05318726045847792,0.029558806269336605
0.08628922237380628,0.02414005294603051,0.0061004856149729945,0.024782318142483963,0.05398282601459245
0.08663028649386084,0.04194418425338347,0.026898076598905127,0.00845987647634946,0.05664464551806353
0.08697135061391542,0.044297441112141456,0.018312317000004883,0.03768666323101312,0.03044846258123265
0.08731241473396999,0.07345641411689473,0.03270899655407812,0.06131569430021273,0.05061874086430445
0.08765347885402455,0.0445215513730817,0.019780397411790378,0.03794596115705536,0.02434010207866379
0.08799454297407913,0.017918052583377843,0.021237277200281738,0.03373734288506275,0.030515534453746482
0.0883356070941337,0.07138125686198893,0.05725284082732746,0.00788496427065403,0.07736819413347143
0.08867667121418826,0.07886450450114875,0.05449347283182825,0.042703655511457085,0.0660669941768778
0.08901773533424284,0.06559990967516711,0.021156084922421443,0.07335353722949903,0.061868085316011
0.08935879945429741,0.05755044816432501,0.025806578070072285,0.04707555778722678,0.05320748855454736
0.08969986357435197,0.07197203621974295,0.06076971480994553,0.06119119838591191,0.03889897013119559
0.09004092769440655,0.048957077039952585,0.06799932193771054,0.043183437579237614,0.036318151136038125
0.09038199181446112,0.03973626101817418,0.0416234596727521,0.023177992839457942,0.012693291121186983
0.09072305593451568,0.0447476898916617,0.018809114219774162,0.008211916250617205,0.06447042410660218
0.09106412005457026,0.029481945944845392,0.007412247271984732,0.022966313717923882,0.02657554971573409
0.09140518417462483,0.07875921420710935,0.04425306340595091,0.05453962896303089,0.04578416473406208
0.0917462482946794,0.07770334820210244,0.04931118216444196,0.08430446847965707,0.004697988552023301
0.09208731241473397,0.06225542292572277,0.05127880505788838,0.022473232358760337,0.0422353593455788
0.09242837653478854,0.051152794013659915,0.020069019253248232,0.06764179639307465,0.03185863422622903
0.0927694406548431,0.09596016284935667,0.06311325478769793,0.049350554220382405,0.05785047486113098
0.09311050477489768,0.025780461449217088,0.017692296918267354,0.03256364203860061,0.050601170203513596
0.09345156889495225,0.07037902991933884,0.040211956254497416,0.0529850320829656,0.03822440688598541
0.09379263301500682,0.05259871852907885,0.017659627710450102,0.011501422015935946,0.06273666180723801
0.0941336971350614,0.07633397253519955,0.0447543650617237,0.026978530782399694,0.06326188435858231
0.09447476125511596,0.04103972127531038,0.03625329465528194,0.025125283580391674,0.024021782208359738
0.09481582537517053,0.04668922391134359,0.023774574749559314,0.029008430383549378,0.028911633333039664
0.0951568894952251,0.016494938847638974,0.018619913596518663,0.028801969319525715,0.017238199979166292
0.09549795361527967,0.050641271468792826,0.0066581442059153485,0.02344322102117247,0.054111724865327074
0.09583901773533424,0.030738655169284975,0.03825044508687346,0.022338981102512916,0.04225883725893759
0.09618008185538882,0.019360514329914404,0.0367972901619942,0.03685471157653285,0.019406226489183984
0.09652114597544338,0.032240122291388264,0.02302773791086719,0.026084428810305912,0.021286865224715578
0.09686221009549796,0.012464870830419547,0.01645738298038262,0.02532397170500191,0.0244587591157706
0.09720327421555253,0.03123248721765705,0.004822525497598752,0.019498188110958273,0.03533156303361888
0.09754433833560709,0.02731625092487817,0.002546654297887418,0.04777811502976597,0.014055554346822924
0.09788540245566167,0.01842220438216952,0.018854232824161196,0.0158957791077416,0.052950715247305505
0.09822646657571624,0.014269408256362937,0.014083886969058086,0.03275208822706726,0.044224359807542434
0.0985675306957708,0.02829704439416079,0.009997290609447462,0.03548403705828995,0.018855919633063184
0.09890859481582538,0.008138861335787232,0.01660915253056548,0.01294084477339813,0.005290078512590343
0.09924965893587995,0.03320457782111365,0.044216149414058985,0.045374216441782016,0.01922203461710561
0.09959072305593451,0.027686127155654883,0.029835267731201286,0.026601447888271727,0.003652964981731317
0.09993178717598909,0.039182615573698634,0.017198926588009665,0.06991897514027291,0.012624914664845064
0.10027285129604366,0.05776365755629511,0.031502000011281985,0.02678964405044414,0.05862512607674242
0.10061391541609822,0.07719081837796703,0.03792230574252014,0.038632483457109984,0.06356555695569151
0.1009549795361528,0.06466596516222385,0.04872988190890232,0.06436505742895945,0.017363077292130675
0.10129604365620737,0.04282044697738226,0.040846855385622396,0.02490764838577401,0.02290463256316164
0.10163710777626193,0.0438053836247945,0.006923749533739378,0.05826771677876915,0.010324568921276095
0.10197817189631651,0.052801161303498954,0.01890054621709748,0.05875516889812429,0.022195873268464894
0.10231923601637108,0.05045434535238936,0.016783541238101978,0.04867800121611804,0.033980080984277655
0.10266030013642564,0.022353204210944413,0.01187554151113913,0.020938631539841827,0.010874368524130627
0.10300136425648022,0.02827760415935362,0.01334992161570229,0.00964183196936758,0.042964893417358305
0.10334242837653479,0.020072660608245932,0.03122471859734495,0.024136383084250656,0.03382098520040707
0.10368349249658936,0.03129326899081034,0.028889851150508447,0.06074969851610443,0.01986798157731378
0.10402455661664393,0.029215409049586746,0.03285806844056462,0.05103880297316338,0.052377314748751076
0.1043656207366985,0.009176125373480002,0.05635250681847441,0.040859446374194655,0.07561995591086729
0.10470668485675307,0.015162724178346545,0.02675675922076849,0.011672106857317606,0.045508345926864216
0.10504774897680765,0.0133003905536992,0.026058516976236692,0.03352657417282176,0.031252019829853796
0.10538881309686221,0.036688586949465606,0.026108676641863626,0.007298324628145008,0.03916368475059574
0.10572987721691678,0.025059034050916643,0.0218655566664768,0.03876124573665114,0.022180236607314364
0.10607094133697136,0.03027012128228266,0.027005974023344596,0.0416477954430138,0.019716918545287086
0.10641200545702592,0.0521380026570264,0.021592538837488573,0.05883879462384875,0.02395778228247998
0.10675306957708049,0.03390520755561283,0.006753886535378805,0.02980918973246415,0.0268609059213354
0.10709413369713507,0.031713942186980926,0.04876804353958205,0.014375316032934102,0.028201364819609165
0.10743519781718963,0.04638660721366635,0.035995197758643765,0.019530298728582654,0.04473447821372474
0.1077762619372442,0.04433584587192873,0.018146932001670422,0.04643357721747744,0.04826977198718292
0.10811732605729878,0.02335636533530785,0.01054825678029072,0.028202155949313485,0.052425743882010656
0.10845839017735334,0.03109958369094206,0.015434980472898721,0.036315766900325036,0.010182636036924483
0.10879945429740791,0.004903001307093451,0.025325779235438346,0.021344155342441808,0.03895825503508504
0.10914051841746249,0.052817543563782696,0.02231445205858508,0.03575501667366901,0.06581377047798115
0.10948158253751705,0.02309701305073721,0.036702027602944214,0.0345270559453884,0.02246498976564202
0.10982264665757162,0.07828477777968056,0.017053615610342368,0.05761608077152578,0.05744964191460131
0.1101637107776262,0.04815678689769205,0.027696931654394484,0.011092747883322027,0.06470737152238581
0.11050477489768076,0.05151140970014388,0.02520232721094062,0.05761187775218684,0.03575831146421428
0.11084583901773533,0.013605538485536705,0.030106925191997258,0.011659590743857804,0.007028136969212341
0.11118690313778991,0.0332703285731627,0.024244621027685077,0.04270978115410865,0.026717072514195514
0.11152796725784447,0.06782249375575036,0.05801592022687653,0.03985479941631442,0.05015746824662632
0.11186903137789904,0.050816053806202646,0.04791900876579674,0.017518695495766786,0.03118081158362588
0.11221009549795362,0.02776253761760809,0.025680854773650133,0.012533442832738464,0.03111089972828048
0.11255115961800818,0.024274919543659384,0.029356691619999133,0.029517569589134485,0.042695466175250524
0.11289222373806275,0.046553432830450554,0.026168227033283576,0.030612925225687676,0.05207841447877686
0.11323328785811733,0.08142497604063383,0.04650992439246708,0.026766205501180747,0.09259746131089482
0.1135743519781719,0.0462187053595621,0.06550287875085689,0.014227748425232981,0.03905399650075438
0.11391541609822647,0.024015323463656583,0.04392366880731205,0.03305918033727839,0.039968382251639
0.11425648021828104,0.020164336028679758,0.027118131869335666,0.06647510061575733,0.0318217422708378
0.1145975443383356,0.05619163499999858,0.023650094226631842,0.06204618184585931,0.030219311868161326
0.11493860845839018,0.044637300443692816,0.025298062528178844,0.029349512896821722,0.0391839164077263
0.11527967257844475,0.007396940113912264,0.02847898699452162,0.020407856911804627,0.012109662206200755
0.11562073669849932,0.0661242111431077,0.04366247434023736,0.05834796313608968,0.05739074172300428
0.1159618008185539,0.03913155638972678,0.02174042899965857,0.04073001362421386,0.02868830399735819
0.11630286493860846,0.03047538090200384,0.027210506161786066,0.020872807380594587,0.049870006158395805
0.11664392905866303,0.017382776267125453,0.024519149990677676,0.02317740943559954,0.02675703381364221
0.1169849931787176,0.044828892145728466,0.037496652811773966,0.026983180240368197,0.027331097257578825
0.11732605729877217,0.03612212794529756,0.019714248699846962,0.04706778748023084,0.0008464954261553577
0.11766712141882674,0.04417020956280373,0.00580710452073222,0.0567529396363551,0.021812019396115528
0.11800818553888132,0.007928207482333985,0.01604430892571071,0.04634498975890492,0.029290161884582354
0.11834924965893588,0.014225654749686269,0.009430717999897536,0.027842328168498402,0.04211306459684157
0.11869031377899045,0.03718132431503115,0.034840721730490576,0.007726315481459954,0.029805546669066287
0.11903137789904503,0.05022794512004259,0.04094939825803064,0.026599201032714685,0.035360424997792544
0.11937244201909959,0.02669664953954824,0.0330244718625434,0.03905155592654228,0.02139650098720653
0.11971350613915416,0.05326629533166848,0.03537032003707281,0.04321477101933538,0.02666237194460496
0.12005457025920874,0.04277106988507451,0.029379093545233798,0.02154756224226542,0.029998689091794168
0.1203956343792633,0.02411997370734355,0.014532468907293646,0.026377866095591694,0.03149837429560637
0.12073669849931787,0.03871955784237021,0.022784803814921824,0.008573204667068155,0.0438085458224953
0.12107776261937245,0.014652030090192779,0.008231377904406227,0.023576612960407382,0.0074613053072916345
0.12141882673942701,0.07246195231903914,0.05312850391994696,0.033973676217001064,0.04305932249309199
0.12175989085948158,0.04386203905111813,0.02371499350200345,0.03698194862674725,0.016867041116696974
0.12210095497953616,0.03141330988147733,0.021718050076116074,0.017024204497166653,0.01946042892750782
0.12244201909959072,0.04096054442228149,0.031464735868431765,0.035619663807929046,0.012191922736832247
0.12278308321964529,0.019302460580019182,0.005130426545343618,0.013991430378526366,0.01615623369609696
0.12312414733969987,0.04469474476945119,0.0443740042372029,0.04606645775145173,0.01058956503489825
0.12346521145975443,0.021457620839614562,0.021947678690288807,0.04122797016556252,0.03298763127184443
0.123806275579809,0.015970535799946704,0.044977700236053735,0.019417531037940628,0.004763956905788211
0.12414733969986358,0.023226566365498816,0.021438706238059407,0.027817670910824557,0.02934756025834089
0.12448840381991814,0.047808693678929835,0.04414406246502268,0.04430671717626131,0.009233828264968394
0.12482946793997271,0.0212478920515794,0.012806252975041734,0.02351328347440634,0.0049778912414957625
0.1251705320600273,0.012004887544728731,0.00994613785587728,0.014550078050107605,0.026452790963252405
0.12551159618008187,0.029873962584159686,0.0398568951440845,0.02507174458756974,0.04642541936448819
0.12585266030013642,0.019219626836492698,0.03674297820414225,0.02494154093495175,0.0274971187421358
0.126193724420191,0.04701485080946815,0.023047217706222645,0.05624584224893823,0.08307602659077071
0.12653478854024558,0.03130700543172164,0.042353321676886414,0.042207372721917144,0.05875755056524601
0.12687585266030013,0.043385360605296686,0.043797133019348684,0.026518745922264317,0.02238091251295025
0.1272169167803547,0.02991917424001721,0.0220432295605802,0.017442220668151653,0.053695986526596906
0.1275579809004093,0.0173401712568136,0.008721527060925542,0.0439355529389626,0.03787962866967238
0.12789904502046384,0.031763911409679824,0.012105945002771795,0.03557089912938077,0.04558213447604453
0.12824010914051842,0.024103190731315623,0.017582315769832817,0.02705545633350167,0.0248795648581266
0.128581173260573,0.022525144000831384,0.008068219510646435,0.0079055300381242,0.0336770597035423
0.12892223738062755,0.08951953868797544,0.03172192296967881,0.03305525434139862,0.08844097789500975
0.12926330150068213,0.06182316903004646,0.0379908300324385,0.03282311292626403,0.04399761639097104
0.1296043656207367,0.02328027343745649,0.025909837607908957,0.04627614040148614,0.010595484801013345
0.12994542974079126,0.033203267010542416,0.029850863417146267,0.02312869009130416,0.01991764223576647
0.13028649386084584,0.05924707235676257,0.02729385832546713,0.062048055044467955,0.01517939979540536
0.13062755798090042,0.02470209855222862,0.03588658988717187,0.026364814521878825,0.018325936567749057
0.13096862210095497,0.06056205455402936,0.018979462195951355,0.03533060408121278,0.06290184656805776
0.13130968622100955,0.053361302371167034,0.018682854168788586,0.049501993198588855,0.02276923680353887
0.13165075034106413,0.02414825807830929,0.02483644830690768,0.02930881465693026,0.04960793633042459
0.13199181446111868,0.028652257270403037,0.014050807318652409,0.07355420477317655,0.02758037817899719
0.13233287858117326,0.04918002905036263,0.032575386084176865,0.022272931991564784,0.04561522112764255
0.13267394270122784,0.0018019884993497601,0.024966276729714944,0.02878873014058165,0.03616204728682143
0.1330150068212824,0.05450110234198136,0.009095747473752552,0.04543129747407026,0.04930573142786336
0.13335607094133697,0.06429201337101434,0.023158368429897363,0.05636777075213062,0.040465146166104714
0.13369713506139155,0.061168862709152214,0.032518510930383514,0.09365681885660064,0.01969029751002182
0.1340381991814461,0.010939433816405655,0.020273402607933404,0.02823627501560266,0.037463373201164
0.13437926330150068,0.012965576340042575,0.027922837917893302,0.03754902722418375,0.04510609124278174
0.13472032742155526,0.013505503246029225,0.013490617769241422,0.031238426083594152,0.03386654650926916
0.13506139154160982,0.06349537340744711,0.037546852113876886,0.035116940119232075,0.050374307139443415
0.1354024556616644,0.07746401417946631,0.06063211664729911,0.041416402439086404,0.04189575096146253
0.13574351978171897,0.032033391284669914,0.021655365764944718,0.014599196351668066,0.027947949011746416
0.13608458390177353,0.04860798260782163,0.022438649213704576,0.04341798608874694,0.01917646609898771
0.1364256480218281,0.032421865302915236,0.018434910012229664,0.046297398013027666,0.03464102643533551
0.13676671214188268,0.014926997433295055,0.005589772921785829,0.030888164588168465,0.013198035940557414
0.13710777626193724,0.0007276579412183101,0.008463800124283584,0.026695543541128512,0.02845111620578894
0.13744884038199182,0.014698139790954955,0.03136196227211599,0.05126043181893251,0.03546834079141487
0.1377899045020464,0.021454971974652622,0.0074906198465732226,0.015105032970553755,0.042329014117656084
0.13813096862210095,0.0340277780342941,0.01644820862408676,0.038073269572306966,0.03194429517097587
0.13847203274215553,0.03341252183289625,0.022166056466383754,0.01570703519844786,0.02887765457970313
0.1388130968622101,0.025777110488444804,0.012183176890207,0.03993719928387065,0.055846293292351974
0.13915416098226466,0.006620283941269646,0.017772171618814264,0.011776565465627407,0.015041532970739095
0.13949522510231924,0.02125450903840064,0.022135630195009904,0.014203743007259283,0.020258561521492045
0.13983628922237382,0.03498313948961659,0.026261322345393592,0.030302828930335687,0.039170855767405414
0.14017735334242837,0.02646188039721995,0.029375567989931746,0.03142236868723157,0.019066773905317882
0.14051841746248295,0.05234624884850731,0.009336552671938064,0.05137421632450028,0.0355326688264624
0.14085948158253753,0.007476100948511796,0.01773303684964683,0.023553516590749092,0.014609710483242402
0.14120054570259208,0.042430753928448264,0.014464175487771002,0.023760612425097322,0.06024123219941597
0.14154160982264666,0.05347156513307951,0.021782906741525766,0.05981381623714144,0.03229975286466971
0.14188267394270124,0.022659033808006896,0.01939582378626425,0.018777906911870226,0.05749279596299246
0.1422237380627558,0.0161852750470892,0.0061887064232986535,0.04522599877800266,0.027424237041482676
0.14256480218281037,0.03294426654243951,0.0021809444392686702,0.022880554978639476,0.035783890468667076
0.14290586630286495,0.03702885986578898,0.006115102042686274,0.05374936345334232,0.01930937910344467
0.1432469304229195,0.012219034575180782,0.007786213010904889,0.019546568074390057,0.032736708928306865
0.14358799454297408,0.013116867972172522,0.010943570036544595,0.010854194271991762,0.025001224741828153
0.14392905866302866,0.05181483306254947,0.011264309508851485,0.01860786020154639,0.05760542097358842
0.1442701227830832,0.02236458430623769,0.0031157681351200797,0.017503390001885506,0.05001921265451784
0.1446111869031378,0.05522421069471833,0.028412633045666803,0.03873058475392362,0.029408177333812877
0.14495225102319237,0.018422516359724018,0.012231897018927717,0.022803678858752695,0.013362229124842901
0.14529331514324692,0.060159580439740436,0.023179723740331924,0.06946756065392892,0.02797869689831509
0.1456343792633015,0.029578771340141415,0.009337612909556266,0.04405691791062122,0.01726865655906862
0.14597544338335608,0.0587109950632028,0.006942113114754019,0.0504028668009918,0.039376792303168186
0.14631650750341063,0.03361221622806354,0.02304941255499541,0.01725887689309904,0.024580524695755366
0.1466575716234652,0.04727603995946917,0.015331407072973617,0.03198872508466042,0.032735270917027964
0.1469986357435198,0.020683748459633625,0.014239375280071425,0.011755381577188743,0.011601616030105564
0.14733969986357434,0.042633061302408994,0.02992296191916703,0.05179378217322794,0.02907177142160526
0.14768076398362892,0.012882874880341127,0.005401278912407444,0.040493823274644916,0.024673272200835816
0.1480218281036835,0.017392863447269615,0.009488948126200502,0.030852948754111133,0.04583313969135907
0.14836289222373805,0.04506747698851584,0.03739826282156223,0.015987697757987453,0.03998811638061147
0.14870395634379263,0.006167809071262052,0.030921670166443434,0.028772461938985777,0.02194716848724266
0.1490450204638472,0.0365693623047071,0.014826474495899003,0.05607873614840474,0.015136046938353846
0.14938608458390176,0.01261652652578296,0.010805907049392327,0.024546682428748946,0.04193319090712995
0.14972714870395634,0.05168787067164738,0.046589928191310116,0.04716745034116478,0.005610239679659581
0.15006821282401092,0.026630441899616126,0.024860641046295522,0.014342068377239912,0.02250602979465544
0.15040927694406547,0.01755298819123389,0.029084318549572896,0.023778571249161568,0.046311223049475096
0.15075034106412005,0.04925122450249347,0.041285734012279134,0.05674137106441529,0.02881531038295282
0.15109140518417463,0.05462333881734834,0.026634925672143133,0.06046004097893014,0.0104584333385124
0.15143246930422918,0.006087327098407769,0.015529476918318387,0.03502614106017301,0.025985144974289408
0.15177353342428376,0.04497713884742844,0.019270302001234817,0.04619472000468501,0.057191582915878475
0.15211459754433834,0.030129396688814758,0.034524755023972266,0.011296356569808184,0.03183893264165748
0.1524556616643929,0.051816038964953424,0.030598452641383517,0.04636601181027397,0.0417708269503697
0.15279672578444747,0.046699172139397976,0.023500308777208167,0.055640306738647824,0.02206018267761495
0.15313778990450205,0.04882430399548008,0.0402513463936142,0.014805479025130812,0.03868834191981814
0.1534788540245566,0.057074074645281136,0.04709558055169288,0.02770989529595313,0.03229641991667162
0.15381991814461118,0.0559102498968985,0.034531142941429845,0.04831374202245515,0.030758621336823378
0.15416098226466576,0.027677920474918252,0.022513519107054666,0.03409959776228431,0.03119638668787818
0.15450204638472032,0.03083209184085075,0.029602556816819236,0.014334418414713251,0.029211848309677768
0.1548431105047749,0.037954727699411356,0.014498340744273797,0.001457063719008145,0.07016457866074959
0.15518417462482947,0.01924108355932927,0.035964583607065455,0.03301570502045707,0.036759968398834095
0.15552523874488403,0.041968835367889305,0.01597046774451054,0.020540524024546387,0.03992828767101688
0.1558663028649386,0.032019402671502856,0.02792530676373311,0.039120057381089465,0.004652999259431448
0.15620736698499318,0.014627464972495492,0.005697522241081671,0.004894859238151052,0.026860736431494933
0.15654843110504774,0.042402561167682845,0.03939578836378894,0.045973977283393974,0.005792914535884866
0.15688949522510232,0.04394408552062809,0.030735379861536648,0.03873622383612929,0.012361668340092816
0.1572305593451569,0.03994237664331645,0.041376279484516984,0.032455785622595976,0.03640898966426636
0.15757162346521147,0.042131263655762814,0.038092942895626654,0.03195236068834411,0.015940576082717338
0.15791268758526603,0.07624883482392052,0.02371577527818699,0.06073840219213754,0.04439552260743326
0.1582537517053206,0.037148335959283414,0.03369134780485354,0.06278476713786857,0.020978280293145597
0.15859481582537518,0.016051198537656786,0.023157955677335706,0.021596852261527223,0.018501422981026576
0.15893587994542974,0.02454062726834239,0.015404060997943472,0.02046335805942102,0.043340911054353566
0.15927694406548432,0.06222115510585489,0.006473590836911918,0.045047048051217814,0.06913766655443715
0.1596180081855389,0.047054820973058444,0.014220898606851926,0.04788245711744717,0.043063538983403996
0.15995907230559345,0.043092855723337674,0.012704015026374067,0.04465042135437054,0.0342963092341284
0.16030013642564803,0.058690187011085075,0.022189871529471977,0.035468017713215956,0.042345604695655514
0.1606412005457026,0.04943638073382706,0.02369852821094666,0.02642329873510078,0.036972572601419104
0.16098226466575716,0.049190514980801,0.03234484275306366,0.04560140763843317,0.015039523036833112
0.16132332878581174,0.025298247599354638,0.005289671875407316,0.025029714135139814,0.01403968209824115
0.16166439290586632,0.10180020838525772,0.03819277742173248,0.07816375742594822,0.06427290339110547
0.16200545702592087,0.023435797491474147,0.02560962828645936,0.025132046352804034,0.050829803153284094
0.16234652114597545,0.03940482020253261,0.04804311004852154,0.03787969509596319,0.012187771754207592
0.16268758526603003,0.03182432764529969,0.030847846052618914,0.034306624149593526,0.03006251844364831
0.16302864938608458,0.05784068543763953,0.027306665017356527,0.053603908484983545,0.022573514259770177
0.16336971350613916,0.026724782855780727,0.026718022089411944,0.038943082732401435,0.034148555556062984
0.16371077762619374,0.03605503616046741,0.010014027515371428,0.040173045070761484,0.029395787674557926
0.1640518417462483,0.05156392855447371,0.050762145843780075,0.012607901065763073,0.04138605327872057
0.16439290586630287,0.04016532515196096,0.032788863101439955,0.02568310233585747,0.02883824837915146
0.16473396998635745,0.0273086016626875,0.009872195935824368,0.029515813101195734,0.021994861847530505
0.165075034106412,0.011543749756096955,0.014093906370680752,0.014048773363373849,0.013068484535983804
0.16541609822646658,0.03688786984330817,0.0018143991173213846,0.02159065610433295,0.0397181142827506
0.16575716234652116,0.019020018244072744,0.022304342566961354,0.029572819868408637,0.039605041196712105
0.1660982264665757,0.030520038931833655,0.028015465893372823,0.017731395505891832,0.03966830409120218
0.1664392905866303,0.010485596157087121,0.019384764920858458,0.04874852669950786,0.026981060817223533
0.16678035470668487,0.049751033141446944,0.02239206782338982,0.06340602705434448,0.042359533931274125
0.16712141882673942,0.054121989642616414,0.032395555101679935,0.034084550066025524,0.04925763590973945
0.167462482946794,0.057256704740470385,0.039141639779660724,0.06271130946414932,0.028324776667568947
0.16780354706684858,0.01113499285115646,0.018332799788169853,0.028730095528334134,0.029650179337689618
0.16814461118690313,0.0367087728102853,0.01712737305916589,0.038299671966321426,0.009785140732031393
0.1684856753069577,0.03661557589173387,0.019023196990544937,0.037894458603383606,0.022626151737647638
0.1688267394270123,0.029628088521727304,0.03330323460421712,0.03037021276489348,0.032873386963111324
0.16916780354706684,0.02977480727979227,0.02595251240688563,0.033703141434948854,0.006688190463086812
0.16950886766712142,0.05558223370360162,0.04664274583911189,0.037427110643624896,0.04632433949599298
0.169849931787176,0.04428788419480125,0.04315303131348316,0.008701752727806662,0.04827378157683992
0.17019099590723055,0.06772446535317864,0.03241242106739391,0.0413243004774877,0.04399298426578954
0.17053206002728513,0.04362628246393974,0.022754527821870044,0.037405852037947995,0.02949156439808041
0.1708731241473397,0.03155857744615553,0.01916728239809387,0.0403418535319548,0.05602850177213885
0.17121418826739426,0.01878151394921908,0.015344295415242255,0.009643046498858623,0.03325439427287177
0.17155525238744884,0.029370870306736862,0.027397824272494983,0.034770619122510775,0.04393223364561514
0.17189631650750342,0.004667709024518624,0.017052846837583343,0.023392053906040076,0.008847893536946785
0.17223738062755797,0.03137874730606911,0.038813506290344274,0.038190435778912464,0.0406128649035294
0.17257844474761255,0.04844032666152603,0.050991043113521074,0.010637421380026584,0.039548583051963584
0.17291950886766713,0.03201715668280021,0.028878283172988694,0.030851830959179424,0.04162839476752762
0.17326057298772168,0.06438476878909717,0.03631314282168684,0.036938396812941,0.03927956970963724
0.17360163710777626,0.016151149927788298,0.010913002011815855,0.019292467721375713,0.0036566516657441897
0.17394270122783084,0.01678723451254877,0.00402723984820173,0.020827242023061937,0.04112595867981164
0.1742837653478854,0.04008636488706657,0.025659669700345715,0.039649421163156326,0.0308059980105206
0.17462482946793997,0.028291503826013985,0.012650932679588788,0.03840970224167535,0.021087389077598915
0.17496589358799455,0.02841984547444698,0.034245163104028725,0.010372707252392364,0.02454275287804043
0.1753069577080491,0.023109135194572878,0.01052336150598353,0.022068904666484406,0.025490065636177804
0.17564802182810368,0.03381927522185486,0.017668234448859014,0.018371279877947663,0.023701594553177524
0.17598908594815826,0.03252040754751924,0.0068379093207965175,0.03186079442834987,0.028156984647249028
0.17633015006821282,0.050150905364954,0.00955675668729162,0.05638848779236581,0.031187799740382598
0.1766712141882674,0.023319474865580257,0.010257128926763405,0.058257705850990875,0.02134541655057783
0.17701227830832197,0.005840764897705547,0.011404369602963565,0.02590647510410981,0.027268129459903527
0.17735334242837653,0.01710296979854808,0.022867000130593357,0.011861619583036252,0.007890053241047842
0.1776944065484311,0.03141952957852547,0.026728003850614527,0.022404834281104503,0.02123461845767315
0.17803547066848568,0.054690679337985305,0.030169541611797166,0.010857123791834138,0.05463891907409169
0.17837653478854024,0.06051148026030404,0.019245934027962697,0.02807893536418338,0.057673980086248036
0.17871759890859482,0.036413185228337856,0.02633016371363991,0.029408306202855203,0.025998571229392035
0.1790586630286494,0.022509803485465756,0.038893049894261775,0.0227964347638928,0.02492090675055679
0.17939972714870395,0.02748966919308677,0.005888210992886135,0.018371125160816553,0.03044693235263208
0.17974079126875853,0.04155573138032888,0.029812903893894252,0.01847976361253354,0.03975804495917523
0.1800818553888131,0.03207858408607089,0.023740529283333676,0.016464494184483078,0.038824593855640785
0.18042291950886766,0.06057552463191663,0.033310234504896515,0.0396879644695832,0.03427293105368311
0.18076398362892224,0.040880124112255424,0.037154408658559734,0.02570524977858768,0.012820070993726672
0.18110504774897682,0.03971455297736828,0.054830973433940895,0.019228932553749155,0.012103071419399387
0.18144611186903137,0.06783937932641183,0.05914739641759613,0.02875434798925642,0.039792976738911336
0.18178717598908595,0.01603307341712483,0.006977374423581121,0.011624623897909843,0.02244896694053169
0.18212824010914053,0.03891659842679769,0.020013429516333645,0.029897260422625263,0.02068891412387945
0.18246930422919508,0.01079472127982881,0.006987045842955934,0.022039173234329697,0.0376162329379562
0.18281036834924966,0.033627001913689156,0.024349117780205053,0.029205918139257308,0.03975469595621629
0.18315143246930424,0.034179764301126944,0.03188012834830594,0.031589279538686864,0.007442691344448481
0.1834924965893588,0.04861547583949175,0.015345260315781178,0.055845857824807464,0.013000317143169574
0.18383356070941337,0.01701897214411567,0.011585974702980058,0.03360540406859678,0.027243151821728456
0.18417462482946795,0.02016096540845499,0.021543691940435747,0.02085099396058855,0.009099527297304417
0.1845156889495225,0.039276239774739596,0.0021425352112210074,0.020280412263227843,0.04345227364799129
0.18485675306957708,0.05561128544594001,0.014925490649088234,0.06697014158856644,0.015726897554946256
0.18519781718963166,0.03720141765174996,0.027626233710702178,0.03969809231333172,0.016867736327245603
0.1855388813096862,0.05489366195605018,0.027597015914668396,0.029229609477624468,0.07020275667576885
0.1858799454297408,0.03228144351100886,0.006880254360117779,0.015483633151805606,0.05281172251868405
0.18622100954979537,0.04460287848076263,0.007756732710986805,0.05229522245889506,0.04484101356037016
0.18656207366984992,0.037650628167036786,0.01934584697170027,0.03836887702917343,0.05250421278368084
0.1869031377899045,0.07307550201610309,0.016097060478718176,0.06099644155450895,0.05685810263191152
0.18724420190995908,0.01743913580626189,0.034585415053325685,0.027744564492402406,0.07390796505538584
0.18758526603001363,0.05577723661533142,0.010881048482632763,0.0239059810976297,0.09365696319243892
0.1879263301500682,0.029342310817230287,0.02546364879443249,0.01482048019089441,0.025110455744341544
0.1882673942701228,0.028802053201330988,0.01697633512293691,0.045018699057786035,0.02334700645372085
0.18860845839017734,0.05688774977667716,0.0030125598586341583,0.0347098500076935,0.05797476339691395
0.18894952251023192,0.058535618629003854,0.028998575369877325,0.059215127769721355,0.02586736200193538
0.1892905866302865,0.0337096130954358,0.01603218251684059,0.005885557568987442,0.04996352967217669
0.18963165075034105,0.02301731234511286,0.025529775755671714,0.017019034179198967,0.007825023916298277
0.18997271487039563,0.0225321213605996,0.019081684123606887,0.021119157554423063,0.003090508173408068
0.1903137789904502,0.0565744609307943,0.016348178465754867,0.07191362876039023,0.043229721266317044
0.19065484311050476,0.10198140524837758,0.0418044793094773,0.09242753585195897,0.06757006071973838
0.19099590723055934,0.058113258592508606,0.02654377350050779,0.038546613656289974,0.05991011932763817
0.19133697135061392,0.02226722689327101,0.011955965875774681,0.030899731837072914,0.023216864937906923
0.19167803547066847,0.018434098430680477,0.01095684719059925,0.0038196041487029812,0.03268573018788391
0.19201909959072305,0.014717110132713608,0.014204427434124377,0.01828091951353457,0.02163074314460521
0.19236016371077763,0.005266725540890184,0.019295255921120972,0.017138290169496525,0.010670130509965556
0.1927012278308322,0.019580122466492676,0.016795579331946538,0.010738899638249007,0.028428150350584616
0.19304229195088676,0.017893327937820305,0.02507891344160041,0.01410245614265293,0.02714015019875868
0.19338335607094134,0.04208388799783021,0.027874501012541127,0.0041735324345863745,0.04756584703008536
0.19372442019099592,0.01901387181739066,0.005646783326657423,0.03179335119130753,0.009083461239409637
0.19406548431105047,0.03564259398672016,0.007739524435328436,0.005984895234043222,0.04946168636356247
0.19440654843110505,0.03564225421759528,0.0150864399806984,0.017268152417605053,0.052425273887519934
0.19474761255115963,0.03687205859696211,0.015692697635400862,0.026480500042394776,0.04956874089226722
0.19508867667121418,0.0428776106509736,0.016896377261387836,0.030206221313403978,0.04476110374816896
0.19542974079126876,0.04687481481453982,0.013222001987124844,0.046548746028078805,0.03185360794357229
0.19577080491132334,0.034627609523554724,0.026543788795232996,0.02565697044887192,0.046481850722637934
0.1961118690313779,0.028872405986871543,0.007698690962205055,0.02405511648204427,0.0280607895303253
0.19645293315143247,0.07490230098815859,0.04136941889400043,0.05248938100701863,0.04645134416331548
0.19679399727148705,0.03420355644084246,0.03149415595439407,0.02590499188992347,0.03464855231881537
0.1971350613915416,0.07242327732789065,0.036326450630390056,0.0502688884812211,0.04988368923903365
0.19747612551159618,0.030616518345568836,0.0037415611600754104,0.025759952484483376,0.0456459202785521
0.19781718963165076,0.07546438060146726,0.016135918037729177,0.06589659621705193,0.054194192293124846
0.19815825375170532,0.061935586527721305,0.011783203885200561,0.033129171933625544,0.06431263859893767
0.1984993178717599,0.021805315259945886,0.016462041963569554,0.009977159874834813,0.01761029331756011
0.19884038199181447,0.04414325033631936,0.024843274527217126,0.014534768662077339,0.05178834959032533
0.19918144611186903,0.043106082494772366,0.035182676494610716,0.003307358183959983,0.03907313944026056
0.1995225102319236,0.043184890838949455,0.03830433441036768,0.046952491730229966,0.01653550491436761
0.19986357435197818,0.006044237392245659,0.02782782628417906,0.017367125908026734,0.019654621173178493
0.20020463847203274,0.033666348856186086,0.02692406142309709,0.03492448249026176,0.01877855301044396
0.20054570259208732,0.007919230442843742,0.01779054641307969,0.02687761623872111,0.02413590602613338
0.2008867667121419,0.03361657265886804,0.018960814413877754,0.04124584421916154,0.010251717993462792
0.20122783083219645,0.029458497334819877,0.024385158200560027,0.037136359845198,0.026585170298132794
0.20156889495225103,0.06314088659823364,0.02225970001281588,0.05075791636846242,0.04505105903564908
0.2019099590723056,0.02020845102822684,0.021565977901356052,0.025794629218933787,0.03659832855414752
0.20225102319236016,0.06414322955914804,0.01543053358719483,0.047635310537386094,0.04778635576924198
0.20259208731241474,0.03570279398621428,0.030128728045932966,0.013774426693299743,0.03833328079931745
0.20293315143246932,0.02260881817455515,0.019605451066919972,0.021574315061053628,0.027515101277898024
0.20327421555252387,0.006239810315251346,0.0255765729398605,0.024424351345903872,0.02373464714421626
0.20361527967257845,0.02699089314222892,0.023679670215625927,0.02999086966734297,0.024221327717280115
0.20395634379263303,0.042223169859782354,0.026295832644724165,0.0032970074984610296,0.049282082935040675
0.20429740791268758,0.02598050141195014,0.007428003824050897,0.02853456407438316,0.036659611902849644
0.20463847203274216,0.011220477848536145,0.009145052572542006,0.017934872514407105,0.019466507416819205
0.20497953615279674,0.03905553216263882,0.013895639779898755,0.0333108135818722,0.02466703840086231
0.2053206002728513,0.03974504511855939,0.023824014791885586,0.027738550252164356,0.023162504373188997
0.20566166439290587,0.009274198573039573,0.019530732373321084,0.03070651785871775,0.019035434833914684
0.20600272851296045,0.025070547869984968,0.016539927686674068,0.04121436956214525,0.021425060590183037
0.206343792633015,0.018540984225537335,0.034916692524910635,0.00515191552829979,0.008384883356575506
0.20668485675306958,0.02688581730340907,0.01474615992270178,0.02964326697278191,0.0036390000634846406
0.20702592087312416,0.020483323393177304,0.006070623808373507,0.017346234944272405,0.025419370342405493
0.2073669849931787,0.012288403750503371,0.010929684202521588,0.03002635718404861,0.01621820063563615
0.2077080491132333,0.04589805223409942,0.026815942029071393,0.041483960999070486,0.014728659412801964
0.20804911323328787,0.045098781831429104,0.027742146702338436,0.039066572453258785,0.021789012792507532
0.20839017735334242,0.010476189540961994,0.040641744998643856,0.012578969753422133,0.004589537298949056
0.208731241473397,0.0417734648023272,0.03115178734379856,0.035793587740696166,0.009838826574198186
0.20907230559345158,0.03557346848565696,0.00808175202558332,0.03855982669705028,0.019850301454358194
0.20941336971350613,0.028764976279388232,0.03613825086845639,0.012812424820772226,0.012626261234282178
0.2097544338335607,0.0673553080017735,0.04499596211235426,0.038134348000158684,0.040622901309840954
0.2100954979536153,0.020265512833367905,0.025298660627093496,0.01046512163688436,0.010777874987653636
0.21043656207366984,0.03366999485382807,0.03087869028843577,0.011126781205646866,0.02855384946600568
0.21077762619372442,0.04483761442942192,0.026062173289987847,0.0024165383038879246,0.04983939555231226
0.211118690313779,0.033174605222168446,0.00573873289095497,0.022300256971831724,0.049508048651635654
0.21145975443383355,0.027908073184518552,0.018843943583592024,0.014144451674824357,0.028254301606653813
0.21180081855388813,0.02689037312703112,0.037706159160638526,0.011912926340715611,0.014164955758982765
0.2121418826739427,0.05954183664204259,0.0455337307630509,0.05363003247670904,0.0329163204499436
0.21248294679399726,0.023625508801803825,0.017526032045967664,0.051498105830086245,0.02340319759797849
0.21282401091405184,0.02750107320849436,0.015400691397179688,0.009240635437854377,0.04002504347178087
0.21316507503410642,0.022581778664399248,0.019597180636075837,0.017676851492501172,0.003944241166882413
0.21350613915416097,0.03436768024161668,0.031267645251552734,0.019376773284958723,0.02812121294286599
0.21384720327421555,0.04976574174447156,0.012852097569748372,0.036035945957390875,0.03781320701261944
0.21418826739427013,0.07212663550890865,0.0372940351325142,0.046379753557500215,0.04306098821979236
0.21452933151432468,0.027527260060975844,0.0260501032458109,0.010055099727957095,0.023701980967797902
0.21487039563437926,0.033157437973059874,0.009405147050850573,0.019888772465986863,0.033145754629452726
0.21521145975443384,0.04654533337799187,0.017892842418110542,0.044082359239693746,0.017757702608489283
0.2155525238744884,0.018469417597674304,0.010750616512880038,0.010789137276681213,0.014399640117450128
0.21589358799454297,0.044636138647547466,0.022234113547465382,0.0554896905688175,0.031175004083188563
0.21623465211459755,0.0225343844575356,0.032993333129543036,0.03295596413766429,0.023181350219806034
0.2165757162346521,0.020893757392626566,0.017140836733988682,0.021820064926024795,0.005432176903512038
0.21691678035470668,0.03557914654168412,0.038393086881823586,0.028861389874527795,0.02407398542281166
0.21725784447476126,0.04196401345788343,0.04991352958408389,0.05234118778564123,0.015893038617675492
0.21759890859481582,0.02259022173819618,0.031972386383097864,0.030021264681555422,0.03336274512621075
0.2179399727148704,0.07014552173555694,0.045822725443513054,0.03547406295421233,0.05039129057160384
0.21828103683492497,0.08758049273467848,0.03833118505258082,0.08184765115750482,0.037479762019463195
0.21862210095497953,0.057846901185361774,0.005085833296905539,0.04106837226293172,0.05488759975764587
0.2189631650750341,0.03965794997225724,0.00744508832044275,0.00612540913590856,0.07144780698004183
0.21930422919508868,0.039593304066603566,0.01995951724148417,0.04359742268992851,0.018281815784589515
0.21964529331514324,0.022524201958335707,0.0317454121460437,0.03290319891870608,0.016409448248603197
0.21998635743519782,0.02991625183038084,0.0069880271422770234,0.02856872137773716,0.016893768017175674
0.2203274215552524,0.01649484886678387,0.01142674542765526,0.034842706174702066,0.02372387370752108
0.22066848567530695,0.046593022599927994,0.012225647341142424,0.03468577297672335,0.037593336930855585
0.22100954979536153,0.02747552215625648,0.02497026924825024,0.04943418318802565,0.027009075753814307
0.2213506139154161,0.010206416047159746,0.0262080272493514,0.0381537532753149,0.021217224807967283
0.22169167803547066,0.029282495477692894,0.02145667945557003,0.02861137791429239,0.026432101941682568
0.22203274215552524,0.05148660557893028,0.0358593269572678,0.026742227621526424,0.03458591208010339
0.22237380627557982,0.006496409652680504,0.026763852961984858,0.029322312080633958,0.026738993379109035
0.22271487039563437,0.05550518698582036,0.03554803905422852,0.06890762117987248,0.029480742472230426
0.22305593451568895,0.04041662189502604,0.021421505948176007,0.02235082614448066,0.037879138004615905
0.22339699863574353,0.009362160815639453,0.011536746572849128,0.016961643170079387,0.023898071721090715
0.22373806275579808,0.018603044956600534,0.02266333571278817,0.007081019236294291,0.0067109539561461705
0.22407912687585266,0.026610319356617514,0.0086164568245121,0.01590314338205888,0.031060296984421483
0.22442019099590724,0.03780536350622875,0.009326153680070894,0.008625021568913727,0.04782347617007589
0.2247612551159618,0.02267444194875386,0.004002975698018689,0.01918677231564768,0.05094055675290974
0.22510231923601637,0.03691974971466417,0.014889807827836546,0.016363253279872918,0.038755619139252025
0.22544338335607095,0.029044112470872876,0.030830891163401326,0.033454802121198404,0.00516117056080556
0.2257844474761255,0.013360650187893083,0.0091060779637873,0.013518106447676466,0.013577519331603166
0.22612551159618008,0.024731331211531246,0.017979200472014217,0.02762875979277356,0.030141516109989084
0.22646657571623466,0.024558057607932393,0.011565316494827067,0.051430380480875636,0.021446138611476304
0.2268076398362892,0.017878272391356663,0.0055635535625570285,0.008460219308817832,0.02001534122432573
0.2271487039563438,0.029801746344688115,0.004921368919838264,0.053024419729280486,0.011017325823400523
0.22748976807639837,0.015871646711969698,0.022693879599817314,0.0010340322183258152,0.010073656578523627
0.22783083219645295,0.026936080351115967,0.035026772874052516,0.029196215718373407,0.025437999147170886
0.2281718963165075,0.022995997049222144,0.019282559763201864,0.030055284923367228,0.009533206948904428
0.22851296043656208,0.04772182647086306,0.05247897558280219,0.025583051466091293,0.017173909044868485
0.22885402455661666,0.00920470614667336,0.013868065776884727,0.021858975661865693,0.025941750986101967
0.2291950886766712,0.047948565917962226,0.0213334689409232,0.026547624202727275,0.04138131603084393
0.2295361527967258,0.03890151367576428,0.014510452415265543,0.03320052314779484,0.019364769234770113
0.22987721691678037,0.0027487991744926644,0.025261458490453317,0.0018578277555981642,0.019164210532667352
0.23021828103683492,0.016776366021218795,0.012365205179748113,0.017373507601717863,0.013006446564648846
0.2305593451568895,0.022586368975898774,0.01517738466977038,0.009160735046966843,0.02033785400859474
0.23090040927694408,0.05088439027333887,0.02909201596061353,0.03749662132899594,0.023883321699339467
0.23124147339699863,0.024270413393632086,0.045121340554705146,0.04097973629527709,0.021873217763182275
0.2315825375170532,0.005512247929726258,0.02857512034010837,0.024112619565110665,0.03494208891743501
0.2319236016371078,0.007946028045418713,0.005211564063903072,0.005647556676753317,0.012165199053228328
0.23226466575716234,0.005290442999703818,0.01046993644172489,0.005667662638038216,0.010351699634077097
0.23260572987721692,0.03228789777659425,0.02131349626501417,0.0317383250748036,0.018601815118512846
0.2329467939972715,0.04708549383714919,0.0061769908334993835,0.04880585479287864,0.031839833932452766
0.23328785811732605,0.027740580133607643,0.028001676704293422,0.034387881156996855,0.03189481882883561
0.23362892223738063,0.02896547457353771,0.013748257362194533,0.02450799223418791,0.025487233037534526
0.2339699863574352,0.0536878882569521,0.011510718100107049,0.030706777402700225,0.05718639220462403
0.23431105047748976,0.05657037014956772,0.03761044840750918,0.03518896220894043,0.029168468025319482
0.23465211459754434,0.035818937753115704,0.017938242561714113,0.044641455822267126,0.029136132778944376
0.23499317871759892,0.044886781196941,0.038133142162853365,0.012151660714822338,0.03599897302131812
0.23533424283765347,0.07827163326644417,0.05084105473761004,0.042049646955331116,0.05010838992756878
0.23567530695770805,0.056341068363006064,0.03702787692217882,0.040872811236001234,0.026198136474019553
0.23601637107776263,0.06074438950249343,0.02704977208246938,0.05789790470838856,0.02797596329885031
0.23635743519781718,0.04276974312119032,0.03386091506570302,0.010326623621547784,0.03637165641273226
0.23669849931787176,0.019370497118685322,0.02775012954517262,0.014568952956903405,0.012885250507165503
0.23703956343792634,0.028618062207679547,0.018589205374317252,0.02624337706501249,0.01946023832711244
0.2373806275579809,0.033122462544491374,0.014832323292546232,0.021257271182624108,0.028349911945581528
0.23772169167803547,0.03692671001278425,0.03620594640469814,0.01409451250829572,0.024674224049173635
0.23806275579809005,0.006921795410939536,0.023940804994348416,0.005272180422430148,0.015839762836021506
0.2384038199181446,0.0582175159872145,0.027073777303637657,0.03014384198346181,0.04844095650812015
0.23874488403819918,0.030195097764495457,0.01645868250226245,0.01386711376165935,0.03799740800007977
0.23908594815825376,0.00818716317617181,0.006862533939517178,0.027232083513522548,0.03123979706970688
0.23942701227830832,0.04434182826398025,0.04014741891359228,0.027135735740170974,0.029306495268665706
0.2397680763983629,0.06761644591996327,0.07333582509907716,0.043711886608410105,0.02107369894227268
0.24010914051841747,0.02394082291890283,0.03453229795492425,0.022589146691291632,0.0042824365879470154
0.24045020463847203,0.013575640581137341,0.033655152862135586,0.029893686186563045,0.009670409222440977
0.2407912687585266,0.010069278052988904,0.01819620459023154,0.032949461934842994,0.016184385352242613
0.24113233287858118,0.0235766306473144,0.027607899081150612,0.01696981345401995,0.01583183075314585
0.24147339699863574,0.03811761624249187,0.0322029803902157,0.014336491193634799,0.023085571118217865
0.24181446111869032,0.020807279517284668,0.01348546760539104,0.038984883201890766,0.022384844236152637
0.2421555252387449,0.02726386713585704,0.012836728358440047,0.021390456913295573,0.04865801300940797
0.24249658935879945,0.03370659721723267,0.00910705022627219,0.025813753132002334,0.03314665935031821
0.24283765347885403,0.041924109641427676,0.020147719627821123,0.038573680122617846,0.0234975700037366
0.2431787175989086,0.02849739772742022,0.004579448859267619,0.012415576998852904,0.03475318099706072
0.24351978171896316,0.03019753378007696,0.03149999498943134,0.03530750714559455,0.016438658751346386
0.24386084583901774,0.06090356601379872,0.02335940144957693,0.04173782768967572,0.05453784702310515
0.24420190995907232,0.02300266890289995,0.02556678835556575,0.01575191934504587,0.04259742587390358
0.24454297407912687,0.022403110535102164,0.010584208066060752,0.019704064129418705,0.01780837744441746
0.24488403819918145,0.005816956429722734,0.04236056782929165,0.007263406232495,0.0195749561586753
0.24522510231923603,0.030718380141220598,0.034765199204506,0.034391953478796186,0.0068458973444425145
0.24556616643929058,0.03071394573886864,0.027964789964835857,0.020784633394392207,0.011892385100875131
0.24590723055934516,0.032663254474645124,0.019016743729523184,0.024564541854107825,0.03128943950872458
0.24624829467939974,0.019332121161871902,0.01327419501651764,0.022206932604434147,0.01725496824313418
0.2465893587994543,0.03702305900748767,0.011615062934544382,0.038558805723488264,0.01708597665759404
0.24693042291950887,0.007888303050959257,0.015220722941572763,0.005949026926113502,0.015469859878839986
0.24727148703956345,0.03680185052760949,0.0328695289731108,0.03695420368631303,0.008911735449577872
0.247612551159618,0.03707085996068069,0.010678863038315802,0.024588081413862647,0.029641234549908784
0.24795361527967258,0.024448246134837228,0.011869106995301646,0.026924776312753394,0.030893345983050883
0.24829467939972716,0.025777449046205474,0.03420769360861463,0.006166652865492184,0.02025626080478948
0.2486357435197817,0.05430261431734276,0.04659900636357116,0.04644614780600653,0.023866733697501807
0.2489768076398363,0.014293243647312921,0.006978518033695726,0.007669663186993366,0.02637957386004667
0.24931787175989087,0.06329064115820444,0.03286160355965075,0.0569234932056249,0.021551412762821603
0.24965893587994542,0.02877841485523,0.019685585782009386,0.04110304534677853,0.00587817769679202
0.25,0.021359828364257913,0.0030900409276944075,0.0027012278308321874,0.03445429740791271
